_id,sessionID,userID,stationID,spaceID,siteID,clusterID,connectionTime,disconnectTime,doneChargingTime,kWhDelivered,timezone,userInputs,connected_h,done_time_inconsistent,done_time_missing,drop_reason
5bc90cb9f9af8b0d7fe77cf2,2_39_79_382_2018-04-25 18:22:03.219076,,2-39-79-382,CA-491,2,39,2018-04-25 18:22:03+00:00,2018-04-29 00:24:02+00:00,2018-04-26 01:41:10+00:00,6.337,America/Los_Angeles,,78.03305555555555,False,False,connected > 72.0 h
5bc91596f9af8b0dad3c0657,2_39_89_25_2018-04-30 00:52:53.102075,,2-39-89-25,CA-315,2,39,2018-04-30 00:52:53+00:00,2018-05-03 03:42:42+00:00,2018-04-30 01:40:49+00:00,1.544,America/Los_Angeles,,74.83027777777778,False,False,connected > 72.0 h
5bc916ebf9af8b0dc677b833,2_39_131_30_2018-05-04 05:59:10.570222,,2-39-131-30,CA-305,2,39,2018-05-04 05:59:11+00:00,2018-05-07 14:53:34+00:00,2018-05-04 21:42:22+00:00,14.019,America/Los_Angeles,,80.90638888888888,False,False,connected > 72.0 h
5bc91d16f9af8b0dc677bd49,2_39_79_377_2018-05-26 03:55:19.727376,,2-39-79-377,CA-325,2,39,2018-05-26 03:55:20+00:00,2018-05-29 16:31:00+00:00,2018-05-26 06:19:25+00:00,6.505,America/Los_Angeles,,84.59444444444445,False,False,connected > 72.0 h
5bc9222ff9af8b0dc677c183,2_39_139_28_2018-06-14 00:26:34.013565,,2-39-139-28,CA-303,2,39,2018-06-14 00:26:34+00:00,2018-06-17 15:54:38+00:00,2018-06-14 03:00:23+00:00,12.293,America/Los_Angeles,,87.46777777777778,False,False,connected > 72.0 h
5bc92625f9af8b0dc677c4f7,2_39_79_379_2018-06-28 02:21:45.932125,,2-39-79-379,CA-327,2,39,2018-06-28 02:21:46+00:00,2018-07-02 16:17:31+00:00,2018-06-28 04:39:29+00:00,6.711,America/Los_Angeles,,109.92916666666666,False,False,connected > 72.0 h
5bc92825f9af8b0dc677c697,2_39_79_376_2018-07-05 21:31:33.284022,,2-39-79-376,CA-324,2,39,2018-07-05 21:31:33+00:00,2018-07-09 16:28:33+00:00,2018-07-06 00:07:55+00:00,6.809,America/Los_Angeles,,90.95,False,False,connected > 72.0 h
5bc9297df9af8b0dc677c7d6,2_39_123_23_2018-07-10 22:08:42.701960,,2-39-123-23,CA-313,2,39,2018-07-10 22:08:43+00:00,2018-07-14 22:28:55+00:00,2018-07-12 03:25:45+00:00,17.709,America/Los_Angeles,,96.33666666666667,False,False,connected > 72.0 h
5bc92d61f9af8b0dc677cb71,2_39_90_440_2018-07-24 15:08:31.659559,,2-39-90-440,CA-500,2,39,2018-07-24 15:08:32+00:00,2018-07-28 00:29:47+00:00,2018-07-24 17:29:00+00:00,10.009,America/Los_Angeles,,81.35416666666667,False,False,connected > 72.0 h
5bc92e08f9af8b0dc677cc1e,2_39_124_22_2018-07-26 15:58:17.943639,,2-39-124-22,CA-312,2,39,2018-07-26 15:58:18+00:00,2018-07-31 21:46:57+00:00,2018-07-26 17:47:39+00:00,4.346,America/Los_Angeles,,125.81083333333333,False,False,connected > 72.0 h
5bc9332df9af8b0dc677d134,2_39_92_436_2018-08-13 17:03:59.501808,,2-39-92-436,CA-318,2,39,2018-08-13 17:03:59+00:00,2018-08-17 02:18:55+00:00,2018-08-14 13:56:17+00:00,13.951,America/Los_Angeles,,81.24888888888889,False,False,connected > 72.0 h
5bc9379df9af8b0dc677d588,2_39_126_560_2018-08-27 16:31:05.297949,,2-39-126-560,CA-506,2,39,2018-08-27 16:31:05+00:00,2018-08-30 23:01:24+00:00,2018-08-27 22:45:46+00:00,10.916,America/Los_Angeles,,78.50527777777778,False,False,connected > 72.0 h
5bc93906f9af8b0dc677d6d1,2_39_129_17_2018-08-31 14:05:56.677502,,2-39-129-17,CA-307,2,39,2018-08-31 14:05:57+00:00,2018-09-05 14:55:53+00:00,2018-09-01 19:40:12+00:00,14.051,America/Los_Angeles,,120.83222222222223,False,False,connected > 72.0 h
5be2fbf8f9af8b2b0edf9ff9,2_39_126_20_2018-10-05 03:16:11.540254,,2-39-126-20,CA-310,2,39,2018-10-05 03:16:12+00:00,2018-10-09 14:43:00+00:00,2018-10-05 06:37:37+00:00,11.257,America/Los_Angeles,,107.44666666666667,False,False,connected > 72.0 h
5be2fe83f9af8b2b0edfa2be,2_39_79_378_2018-10-14 23:44:25.635261,,2-39-79-378,CA-326,2,39,2018-10-14 23:44:26+00:00,2018-10-19 08:40:03+00:00,2018-10-15 23:44:59+00:00,13.470914722222222,America/Los_Angeles,,104.92694444444444,False,False,connected > 72.0 h
5be4e347f9af8b3175206d6d,2_39_79_381_2018-10-25 15:43:27.548162,,2-39-79-381,CA-490,2,39,2018-10-25 15:43:28+00:00,2018-10-28 22:00:15+00:00,2018-10-26 23:19:39+00:00,13.307,America/Los_Angeles,,78.27972222222222,False,False,connected > 72.0 h
5c2e7b31f9af8b13bb1470d3,2_39_78_367_2018-10-29 15:37:49.700159,,2-39-78-367,CA-494,2,39,2018-10-29 15:37:50+00:00,2018-11-01 19:58:35+00:00,2018-11-01 19:01:12+00:00,27.460791517317368,America/Los_Angeles,,76.34583333333333,False,False,connected > 72.0 h
5c2e8629f9af8b13dab075c4,2_39_79_378_2018-11-06 03:49:24.675787,1111.0,2-39-79-378,CA-326,2,39,2018-11-06 03:49:25+00:00,2018-11-12 17:54:23+00:00,2018-11-06 05:47:06+00:00,6.276,America/Los_Angeles,"[{'userID': 1111, 'milesRequested': 20, 'WhPerMile': 400, 'minutesAvailable': 720, 'modifiedAt': 'Tue, 06 Nov 2018 03:49:49 GMT', 'paymentRequired': True, 'requestedDeparture': 'Tue, 06 Nov 2018 15:49:25 GMT', 'kWhRequested': 8.0}]",158.08277777777778,False,False,connected > 72.0 h
5c2e8674f9af8b13dab075d1,2_39_92_442_2018-11-06 15:20:29.357525,1094.0,2-39-92-442,CA-498,2,39,2018-11-06 15:20:29+00:00,2018-11-10 01:45:48+00:00,2018-11-07 17:15:29+00:00,5.694,America/Los_Angeles,"[{'userID': 1094, 'milesRequested': 20, 'WhPerMile': 400, 'minutesAvailable': 59, 'modifiedAt': 'Tue, 06 Nov 2018 15:20:35 GMT', 'paymentRequired': True, 'requestedDeparture': 'Tue, 06 Nov 2018 16:19:29 GMT', 'kWhRequested': 8.0}]",82.42194444444445,False,False,connected > 72.0 h
5c2e872df9af8b13dab0766e,2_39_127_19_2018-11-09 10:33:02.342605,,2-39-127-19,CA-309,2,39,2018-11-09 10:33:02+00:00,2018-11-19 15:49:11+00:00,2018-11-13 18:58:44+00:00,1.479,America/Los_Angeles,,245.26916666666668,False,False,connected > 72.0 h
5c2e8975f9af8b13dab078f9,2_39_79_382_2018-11-26 15:07:36.636088,1286.0,2-39-79-382,CA-491,2,39,2018-11-26 15:07:37+00:00,2018-11-30 16:52:03+00:00,2018-11-29 22:59:24+00:00,39.936,America/Los_Angeles,"[{'userID': 1286, 'milesRequested': 100, 'WhPerMile': 400, 'minutesAvailable': 720, 'modifiedAt': 'Mon, 26 Nov 2018 15:09:03 GMT', 'paymentRequired': True, 'requestedDeparture': 'Tue, 27 Nov 2018 03:07:37 GMT', 'kWhRequested': 40.0}]",97.74055555555556,False,False,connected > 72.0 h
