date,session_count,pred_global_mean,pred_dow_mean,residual_global,residual_dow
2018-10-20,37,68.41,45.44,-31.41,-8.44
2018-10-21,53,68.41,43.16,-15.41,9.84
2018-10-22,87,68.41,73.68,18.59,13.32
2018-10-23,89,68.41,80.04,20.59,8.96
2018-10-24,92,68.41,77.15,23.59,14.85
2018-10-25,81,68.41,79.69,12.59,1.31
2018-10-26,91,68.41,78.5,22.59,12.5
2018-10-27,47,68.41,45.44,-21.41,1.56
2018-10-28,59,68.41,43.16,-9.41,15.84
2018-10-29,93,68.41,73.68,24.59,19.32
2018-10-30,90,68.41,80.04,21.59,9.96
2018-10-31,100,68.41,77.15,31.59,22.85
2018-11-01,65,68.41,79.69,-3.41,-14.69
2018-11-02,51,68.41,78.5,-17.41,-27.5
2018-11-03,23,68.41,45.44,-45.41,-22.44
2018-11-04,26,68.41,43.16,-42.41,-17.16
2018-11-05,69,68.41,73.68,0.59,-4.68
2018-11-06,60,68.41,80.04,-8.41,-20.04
2018-11-07,46,68.41,77.15,-22.41,-31.15
2018-11-08,58,68.41,79.69,-10.41,-21.69
2018-11-09,54,68.41,78.5,-14.41,-24.5
2018-11-10,31,68.41,45.44,-37.41,-14.44
2018-11-11,16,68.41,43.16,-52.41,-27.16
2018-11-12,54,68.41,73.68,-14.41,-19.68
2018-11-13,57,68.41,80.04,-11.41,-23.04
2018-11-14,53,68.41,77.15,-15.41,-24.15
2018-11-15,62,68.41,79.69,-6.41,-17.69
2018-11-16,57,68.41,78.5,-11.41,-21.5
2018-11-17,16,68.41,45.44,-52.41,-29.44
2018-11-18,33,68.41,43.16,-35.41,-10.16
2018-11-19,59,68.41,73.68,-9.41,-14.68
2018-11-20,53,68.41,80.04,-15.41,-27.04
2018-11-21,42,68.41,77.15,-26.41,-35.15
2018-11-22,9,68.41,79.69,-59.41,-70.69
2018-11-23,7,68.41,78.5,-61.41,-71.5
2018-11-24,20,68.41,45.44,-48.41,-25.44
2018-11-25,20,68.41,43.16,-48.41,-23.16
2018-11-26,57,68.41,73.68,-11.41,-16.68
2018-11-27,52,68.41,80.04,-16.41,-28.04
2018-11-28,33,68.41,77.15,-35.41,-44.15
2019-01-25,7,68.41,78.5,-61.41,-71.5
2019-01-26,20,68.41,45.44,-48.41,-25.44
2019-01-27,9,68.41,43.16,-59.41,-34.16
2019-01-28,34,68.41,73.68,-34.41,-39.68
2019-01-29,30,68.41,80.04,-38.41,-50.04
