date,actual,pred_baseline_global,pred_baseline_dow,pred_ridge_regression,pred_lasso_regression,pred_elasticnet_regression,pred_support_vector_regressor,pred_random_forest_regressor,pred_gradient_boosting_regressor,pred_hist_gradient_boosting
2018-10-20,37,68.41,45.44,54.87,55.13,56.84,53.53,53.34,54.0,57.17
2018-10-21,53,68.41,43.16,50.84,50.64,52.03,51.91,50.94,50.51,49.51
2018-10-22,87,68.41,73.68,83.33,82.88,82.4,83.81,84.08,82.22,86.26
2018-10-23,89,68.41,80.04,90.58,89.38,88.2,83.48,85.36,83.34,84.64
2018-10-24,92,68.41,77.15,88.04,88.79,85.94,82.38,85.92,85.51,82.72
2018-10-25,81,68.41,79.69,91.25,90.01,88.18,84.08,86.08,86.43,84.34
2018-10-26,91,68.41,78.5,87.42,87.74,84.95,81.86,85.27,82.98,83.92
2018-10-27,47,68.41,45.44,57.24,57.19,56.41,57.72,52.69,53.73,58.37
2018-10-28,59,68.41,43.16,54.56,53.76,55.07,53.31,51.75,51.15,49.3
2018-10-29,93,68.41,73.68,86.66,85.87,84.85,84.92,84.39,85.64,84.2
2018-10-30,90,68.41,80.04,94.04,92.55,90.68,85.07,86.02,92.23,98.56
2018-10-31,100,68.41,77.15,90.66,91.08,88.58,84.87,87.23,91.28,88.13
2018-11-01,65,68.41,79.69,93.0,92.91,89.49,84.23,85.95,86.7,85.21
2018-11-02,51,68.41,78.5,85.87,87.24,84.66,81.33,83.57,83.69,76.44
2018-11-03,23,68.41,45.44,50.24,51.86,51.41,58.36,52.68,53.93,55.58
2018-11-04,26,68.41,43.16,50.7,50.03,52.36,57.12,50.67,47.54,49.96
2018-11-05,69,68.41,73.68,81.3,79.9,81.15,79.45,80.07,85.62,82.91
2018-11-06,60,68.41,80.04,88.56,86.71,86.71,83.61,83.68,88.54,93.5
2018-11-07,46,68.41,77.15,83.45,83.67,83.67,76.8,83.83,83.4,88.86
2018-11-08,58,68.41,79.69,77.44,78.68,76.4,71.0,75.71,73.5,79.59
2018-11-09,54,68.41,78.5,76.24,78.77,75.2,69.46,74.94,73.59,74.68
2018-11-10,31,68.41,45.44,44.36,46.44,45.74,61.32,47.75,50.12,48.69
2018-11-11,16,68.41,43.16,44.25,45.28,45.88,62.75,45.91,46.01,47.16
2018-11-12,54,68.41,73.68,72.71,73.23,73.76,69.96,72.83,49.17,73.31
2018-11-13,57,68.41,80.04,78.5,78.98,77.54,67.6,75.56,75.27,78.23
2018-11-14,53,68.41,77.15,74.31,77.03,74.2,67.07,74.89,74.9,74.77
2018-11-15,62,68.41,79.69,75.94,77.4,73.28,68.28,70.91,71.32,72.36
2018-11-16,57,68.41,78.5,75.02,77.99,71.18,66.23,69.25,70.11,66.96
2018-11-17,16,68.41,45.44,44.2,46.16,43.99,62.19,46.51,50.12,53.51
2018-11-18,33,68.41,43.16,39.48,41.16,38.89,63.24,44.05,25.14,53.31
2018-11-19,59,68.41,73.68,73.15,74.37,71.28,69.39,69.75,70.16,71.32
2018-11-20,53,68.41,80.04,78.78,79.69,75.24,68.17,70.68,71.32,73.12
2018-11-21,42,68.41,77.15,73.48,77.14,70.04,68.32,69.6,70.95,70.44
2018-11-22,9,68.41,79.69,74.91,76.33,72.18,67.37,71.17,70.01,72.21
2018-11-23,7,68.41,78.5,66.05,69.23,64.67,65.16,66.0,39.6,67.98
2018-11-24,20,68.41,45.44,33.0,35.43,34.87,64.45,44.82,25.14,54.17
2018-11-25,20,68.41,43.16,39.61,40.32,38.68,64.78,44.18,25.14,53.31
2018-11-26,57,68.41,73.68,69.13,69.88,66.79,67.64,65.95,41.93,70.45
2018-11-27,52,68.41,80.04,75.99,76.31,71.99,67.77,67.84,71.42,74.21
2018-11-28,33,68.41,77.15,70.59,73.62,67.03,67.23,66.92,71.42,68.43
2019-01-25,7,68.41,78.5,43.66,46.29,45.25,63.91,64.37,63.27,60.73
2019-01-26,20,68.41,45.44,11.33,11.84,19.69,63.2,39.09,11.75,35.14
2019-01-27,9,68.41,43.16,16.64,16.43,20.52,60.13,34.44,11.75,31.65
2019-01-28,34,68.41,73.68,41.46,42.98,42.19,64.51,55.1,37.43,59.51
2019-01-29,30,68.41,80.04,51.14,50.19,53.6,65.75,63.53,67.39,61.82
