date,avg_kWh,avg_connected_h,n_stations,session_count,total_kWh,dayofweek,is_weekend,month,day_of_month,week_of_year,dow_1,dow_2,dow_3,dow_4,dow_5,dow_6,lag_1,lag_7,lag_14,rolling_7_mean,rolling_14_mean,rolling_7_std
2018-04-25,7.4847627118644064,5.7471610169491525,36,59,441.601,2,0,4,25,17,0,1,0,0,0,0,,,,,,0.0
2018-04-26,7.2087872340425525,6.445159574468085,37,47,338.813,3,0,4,26,17,0,0,1,0,0,0,59.0,,,59.0,59.0,0.0
2018-04-27,11.224058823529413,7.720430283224402,34,51,572.427,4,0,4,27,17,0,0,0,1,0,0,47.0,,,53.0,53.0,8.48528137423857
2018-04-28,11.371199999999998,4.2812777777777775,16,30,341.13599999999997,5,1,4,28,17,0,0,0,0,1,0,51.0,,,52.333333333333336,52.333333333333336,6.110100926607787
2018-04-29,9.453964285714287,3.5824603174603173,17,28,264.711,6,1,4,29,17,0,0,0,0,0,1,30.0,,,46.75,46.75,12.230426539304888
2018-04-30,8.107006257861636,6.009916142557652,38,53,429.6713316666667,0,0,4,30,18,0,0,0,0,0,0,28.0,,,43.0,43.0,13.509256086106296
2018-05-01,8.570846153846155,6.845427350427351,37,52,445.684,1,0,5,1,18,1,0,0,0,0,0,53.0,,,44.666666666666664,44.666666666666664,12.754084313139328
2018-05-02,9.04257894736842,6.547962962962963,36,57,515.427,2,0,5,2,18,0,1,0,0,0,0,52.0,59.0,,45.714285714285715,45.714285714285715,11.96821186468953
2018-05-03,7.479897058823529,6.279330065359477,44,68,508.633,3,0,5,3,18,0,0,1,0,0,0,57.0,47.0,,45.42857142857143,47.125,11.616900660347447
2018-05-04,9.735085983102913,6.659007936507937,41,70,681.4560188172039,4,0,5,4,18,0,0,0,1,0,0,68.0,51.0,,48.42857142857143,49.44444444444444,14.455185261779972
2018-05-05,10.994352941176471,5.473161764705883,24,34,373.808,5,1,5,5,18,0,0,0,0,1,0,70.0,30.0,,51.142857142857146,51.5,16.637593690480717
2018-05-06,9.951230769230769,3.0064636752136753,15,26,258.73199999999997,6,1,5,6,18,0,0,0,0,0,1,34.0,28.0,,51.714285714285715,49.90909090909091,15.839973544951452
2018-05-07,10.052605028568008,7.017544802867383,41,62,623.2615117712165,0,0,5,7,19,0,0,0,0,0,0,26.0,53.0,,51.42857142857143,47.916666666666664,16.348875015905964
2018-05-08,7.786752265033849,6.492907407407407,40,60,467.2051359020309,1,0,5,8,19,1,0,0,0,0,0,62.0,52.0,,52.714285714285715,49.0,16.83957922786162
2018-05-09,8.520279695427073,6.044190821256039,42,69,587.899298984468,2,0,5,9,19,0,1,0,0,0,0,60.0,57.0,59.0,53.857142857142854,49.785714285714285,17.05313823932486
2018-05-10,8.133698226191841,6.129887992831541,41,62,504.2892900238941,3,0,5,10,19,0,0,1,0,0,0,69.0,68.0,47.0,55.57142857142857,50.5,17.9986772000717
2018-05-11,9.345444095133878,8.464227871939736,39,59,551.3812016128988,4,0,5,11,19,0,0,0,1,0,0,62.0,70.0,51.0,54.714285714285715,51.57142857142857,17.442422287001744
2018-05-12,10.687588581871346,3.9573172514619883,22,38,406.1283661111111,5,1,5,12,19,0,0,0,0,1,0,59.0,34.0,30.0,53.142857142857146,52.142857142857146,16.293440105643448
2018-05-13,10.25404,4.2998,18,25,256.351,6,1,5,13,19,0,0,0,0,0,1,38.0,26.0,28.0,53.714285714285715,52.714285714285715,15.56399997552349
2018-05-14,8.821101344991007,6.016574074074074,42,66,582.1926887694065,0,0,5,14,20,0,0,0,0,0,0,25.0,62.0,53.0,53.57142857142857,52.5,15.862504456076524
2018-05-15,8.438584615384617,6.264175213675213,44,65,548.508,1,0,5,15,20,1,0,0,0,0,0,66.0,60.0,52.0,54.142857142857146,53.42857142857143,16.283207827171434
2018-05-16,8.029917808219178,6.802572298325723,45,73,586.184,2,0,5,16,20,0,1,0,0,0,0,65.0,69.0,57.0,54.857142857142854,54.357142857142854,16.687605894081702
2018-05-17,8.037285714285714,6.021677489177489,46,77,618.871,3,0,5,17,20,0,0,1,0,0,0,73.0,62.0,68.0,55.42857142857143,55.5,17.309507434327745
2018-05-18,8.156884057971014,6.478337359098229,43,69,562.825,4,0,5,18,20,0,0,0,1,0,0,77.0,59.0,70.0,57.57142857142857,56.142857142857146,19.095000592276698
2018-05-19,10.461186046511628,7.007797157622739,26,43,449.831,5,1,5,19,20,0,0,0,0,1,0,69.0,38.0,34.0,59.0,56.07142857142857,19.58741092300528
2018-05-20,8.053676470588234,3.7504330065359475,21,34,273.825,6,1,5,20,20,0,0,0,0,0,1,43.0,25.0,26.0,59.714285714285715,56.714285714285715,18.76800722607744
2018-05-21,8.742641791044775,6.573167495854063,42,67,585.757,0,0,5,21,21,0,0,0,0,0,0,34.0,66.0,62.0,61.0,57.285714285714285,16.114175953695753
2018-05-22,8.832198149660424,6.6378727144866385,47,79,697.7436538231735,1,0,5,22,21,1,0,0,0,0,0,67.0,65.0,60.0,61.142857142857146,57.642857142857146,16.170225430592804
2018-05-23,8.159164383561643,6.421864535768645,45,73,595.619,2,0,5,23,21,0,1,0,0,0,0,79.0,73.0,69.0,63.142857142857146,59.0,17.534999015574257
2018-05-24,7.190407894736842,5.276959064327485,43,76,546.471,3,0,5,24,21,0,0,1,0,0,0,73.0,77.0,62.0,63.142857142857146,59.285714285714285,17.534999015574257
2018-05-25,9.98287012987013,6.301201298701299,46,77,768.681,4,0,5,25,21,0,0,0,1,0,0,76.0,69.0,59.0,63.0,60.285714285714285,17.4068951855292
2018-05-26,10.08290625,6.317144097222222,23,32,322.653,5,1,5,26,21,0,0,0,0,1,0,77.0,43.0,38.0,64.14285714285714,61.57142857142857,18.114713830001755
2018-05-27,10.866333333333333,5.226719576719576,13,21,228.19299999999998,6,1,5,27,21,0,0,0,0,0,1,32.0,34.0,25.0,62.57142857142857,61.142857142857146,20.565806109957876
2018-05-28,7.825749999999999,5.552013888888888,14,20,156.515,0,0,5,28,22,0,0,0,0,0,0,21.0,67.0,66.0,60.714285714285715,60.857142857142854,23.893613412474092
2018-05-29,9.5611884057971,6.64157809983897,46,69,659.722,1,0,5,29,22,1,0,0,0,0,0,20.0,79.0,65.0,54.0,57.57142857142857,28.07133769523641
2018-05-30,9.558520547945205,6.158748097412481,47,73,697.772,2,0,5,30,22,0,1,0,0,0,0,69.0,73.0,73.0,52.57142857142857,57.857142857142854,26.813287395475804
2018-05-31,7.948371794871794,5.4984009971509975,45,78,619.973,3,0,5,31,22,0,0,1,0,0,0,73.0,76.0,77.0,52.57142857142857,57.857142857142854,26.813287395475804
2018-06-01,8.541550530048731,7.261582892416226,42,63,538.11768339307,4,0,6,1,22,0,0,0,1,0,0,78.0,77.0,69.0,52.857142857142854,57.92857142857143,27.113517977991304
2018-06-02,11.168900380116959,5.143764619883041,25,38,424.41821444444446,5,1,6,2,22,0,0,0,0,1,0,63.0,32.0,43.0,50.857142857142854,57.5,25.504434721753608
2018-06-03,10.417184210526315,5.165190058479532,24,38,395.853,6,1,6,3,22,0,0,0,0,0,1,38.0,21.0,34.0,51.714285714285715,57.142857142857146,24.857690196491756
2018-06-04,9.373390625,6.486345486111111,40,64,599.897,0,0,6,4,23,0,0,0,0,0,0,38.0,20.0,67.0,54.142857142857146,57.42857142857143,22.025958711094905
2018-06-05,8.88710636750921,6.524502923976608,47,76,675.4200839307,1,0,6,5,23,1,0,0,0,0,0,64.0,69.0,79.0,60.42857142857143,57.214285714285715,16.154020581650286
2018-06-06,8.901364131054132,6.698611111111111,46,78,694.3064022222222,2,0,6,6,23,0,1,0,0,0,0,76.0,73.0,73.0,61.42857142857143,57.0,16.969159700833185
2018-06-07,8.133513513513513,6.40387012012012,44,74,601.88,3,0,6,7,23,0,0,1,0,0,0,78.0,78.0,76.0,62.142857142857146,57.357142857142854,17.629790804474222
2018-06-08,9.32666265060241,7.031191432396251,46,83,774.113,4,0,6,8,23,0,0,0,1,0,0,74.0,63.0,77.0,61.57142857142857,57.214285714285715,17.086614086833617
2018-06-09,10.8964375,4.973541666666667,22,32,348.686,5,1,6,9,23,0,0,0,0,1,0,83.0,38.0,32.0,64.42857142857143,57.642857142857146,18.937239704324583
2018-06-10,10.50357142857143,4.557271825396826,15,28,294.1,6,1,6,10,23,0,0,0,0,0,1,32.0,38.0,21.0,63.57142857142857,57.642857142857146,20.411248066177812
2018-06-11,9.444461538461539,5.777809829059829,44,78,736.668,0,0,6,11,24,0,0,0,0,0,0,28.0,64.0,20.0,62.142857142857146,58.142857142857146,22.718777633113476
2018-06-12,8.375855263157895,5.941498538011696,45,76,636.565,1,0,6,12,24,1,0,0,0,0,0,78.0,76.0,69.0,64.14285714285714,62.285714285714285,23.511901748040792
2018-06-13,8.520487179487178,5.913329772079772,42,78,664.598,2,0,6,13,24,0,1,0,0,0,0,76.0,78.0,73.0,64.14285714285714,62.785714285714285,23.511901748040792
2018-06-14,8.168402777777779,5.913121141975308,43,72,588.125,3,0,6,14,24,0,0,1,0,0,0,78.0,74.0,78.0,64.14285714285714,63.142857142857146,23.511901748040792
2018-06-15,7.431916666666666,6.2343981481481485,45,84,624.281,4,0,6,15,24,0,0,0,1,0,0,72.0,83.0,63.0,63.857142857142854,62.714285714285715,23.383958685593072
2018-06-16,9.859034482758622,5.218065134099617,19,29,285.91200000000003,5,1,6,16,24,0,0,0,0,1,0,84.0,32.0,38.0,64.0,64.21428571428571,23.52303835250313
2018-06-17,13.085366666666665,4.1894629629629625,21,30,392.561,6,1,6,17,24,0,0,0,0,0,1,29.0,28.0,38.0,63.57142857142857,63.57142857142857,24.22021980947009
2018-06-18,11.008348484848485,7.270921717171717,45,66,726.551,0,0,6,18,25,0,0,0,0,0,0,30.0,78.0,64.0,63.857142857142854,63.0,23.737653432388598
2018-06-19,8.329851851851851,5.4361694101508915,47,81,674.718,1,0,6,19,25,1,0,0,0,0,0,66.0,76.0,76.0,62.142857142857146,63.142857142857146,22.966849816119545
2018-06-20,8.74904798470065,6.823549382716049,46,72,629.9314548984469,2,0,6,20,25,0,1,0,0,0,0,81.0,78.0,78.0,62.857142857142854,63.5,23.540239105473354
2018-06-21,8.472889926428905,6.069232456140351,41,76,643.9396344085968,3,0,6,21,25,0,0,1,0,0,0,72.0,72.0,74.0,62.0,63.07142857142857,22.999999999999996
2018-06-22,8.792028169014085,7.0286697965571205,41,71,624.234,4,0,6,22,25,0,0,0,1,0,0,76.0,84.0,83.0,62.57142857142857,63.214285714285715,23.337074530005843
2018-06-23,9.925944444444445,6.182175925925926,23,36,357.334,5,1,6,23,25,0,0,0,0,1,0,71.0,29.0,32.0,60.714285714285715,62.357142857142854,21.815241504616946
2018-06-24,11.815498125,5.709282407407407,23,36,425.3579325,6,1,6,24,25,0,0,0,0,0,1,36.0,30.0,28.0,61.714285714285715,62.642857142857146,20.22139366870547
2018-06-25,9.11496301697531,5.9553125,44,72,656.2773372222223,0,0,6,25,26,0,0,0,0,0,0,36.0,66.0,78.0,62.57142857142857,63.214285714285715,18.724824368176254
2018-06-26,8.758736349255681,5.804928774928775,43,78,683.1814352419431,1,0,6,26,26,1,0,0,0,0,0,72.0,81.0,76.0,63.42857142857143,62.785714285714285,19.042558851662957
2018-06-27,9.04559420289855,6.526437198067633,46,69,624.146,2,0,6,27,26,0,1,0,0,0,0,78.0,72.0,78.0,63.0,62.92857142857143,18.610033136277135
2018-06-28,9.146208955223882,5.768150912106136,40,67,612.796,3,0,6,28,26,0,0,1,0,0,0,69.0,76.0,72.0,62.57142857142857,62.285714285714285,18.40160448490966
2018-06-29,8.867307034294907,6.909166666666667,36,61,540.9057290919893,4,0,6,29,26,0,0,0,1,0,0,67.0,71.0,84.0,61.285714285714285,61.92857142857143,17.604112073738957
2018-06-30,11.077147102102101,5.966253753753754,24,37,409.85444277777776,5,1,6,30,26,0,0,0,0,1,0,61.0,36.0,29.0,59.857142857142854,60.285714285714285,17.08243319347463
2018-07-01,9.875166666666667,3.404166666666667,24,48,474.008,6,1,7,1,26,0,0,0,0,0,1,37.0,36.0,30.0,60.0,60.857142857142854,16.852299546352718
2018-07-02,9.859306451612904,6.048028673835125,35,62,611.277,0,0,7,2,27,0,0,0,0,0,0,48.0,72.0,66.0,61.714285714285715,62.142857142857146,14.442002235542981
2018-07-03,8.689282776097665,6.271675347222223,40,64,556.1140976702505,1,0,7,3,27,1,0,0,0,0,0,62.0,78.0,81.0,60.285714285714285,61.857142857142854,13.732131246511903
2018-07-04,9.906208333333334,4.334664351851852,18,24,237.749,2,0,7,4,27,0,1,0,0,0,0,64.0,69.0,72.0,58.285714285714285,60.642857142857146,11.571722512433576
2018-07-05,9.25185507246377,5.408498389694041,39,69,638.378,3,0,7,5,27,0,0,1,0,0,0,24.0,67.0,76.0,51.857142857142854,57.214285714285715,16.201116951500325
2018-07-06,8.873522388059701,6.069278606965174,40,67,594.526,4,0,7,6,27,0,0,0,1,0,0,69.0,61.0,71.0,52.142857142857146,56.714285714285715,16.52703413026239
2018-07-07,8.834348837209303,4.707900516795866,26,43,379.877,5,1,7,7,27,0,0,0,0,1,0,67.0,37.0,36.0,53.0,56.42857142857143,17.20465053408527
2018-07-08,11.10664,4.432627777777778,26,50,555.332,6,1,7,8,27,0,0,0,0,0,1,43.0,48.0,36.0,53.857142857142854,56.92857142857143,16.40557396566355
2018-07-09,10.161728575949367,6.315165260196906,42,79,802.7765575,0,0,7,9,28,0,0,0,0,0,0,50.0,62.0,72.0,54.142857142857146,57.92857142857143,16.30366596227745
2018-07-10,9.153465337325885,6.721568213783404,42,79,723.1237616487449,1,0,7,10,28,1,0,0,0,0,0,79.0,64.0,78.0,56.57142857142857,58.42857142857143,18.751507875876218
2018-07-11,9.054653846153846,5.505957977207977,40,78,706.263,2,0,7,11,28,0,1,0,0,0,0,79.0,24.0,69.0,58.714285714285715,58.5,20.515963587040265
2018-07-12,8.403077524277954,5.532136752136752,42,78,655.4400468936805,3,0,7,12,28,0,0,1,0,0,0,78.0,69.0,67.0,66.42857142857143,59.142857142857146,14.581462465028915
2018-07-13,8.734768115942028,7.024082125603864,40,69,602.699,4,0,7,13,28,0,0,0,1,0,0,78.0,67.0,61.0,67.71428571428571,59.92857142857143,15.228419547174333
2018-07-14,11.474836734693879,6.04515873015873,28,49,562.267,5,1,7,14,28,0,0,0,0,1,0,69.0,43.0,37.0,68.0,60.5,15.231546211727798
2018-07-15,8.883864733115468,3.9236383442265796,26,51,453.0771013888889,6,1,7,15,28,0,0,0,0,0,1,49.0,50.0,48.0,68.85714285714286,61.357142857142854,13.680016708427534
2018-07-16,10.194041666666667,6.208213734567901,39,72,733.971,0,0,7,16,29,0,0,0,0,0,0,51.0,79.0,62.0,69.0,61.57142857142857,13.453624047073689
2018-07-17,8.453235294117647,4.848349673202614,38,68,574.82,1,0,7,17,29,1,0,0,0,0,0,72.0,79.0,64.0,68.0,62.285714285714285,12.832251036613417
2018-07-18,7.295624701125176,5.077914908579466,42,79,576.3543513888889,2,0,7,18,29,0,1,0,0,0,0,68.0,78.0,24.0,66.42857142857143,62.57142857142857,11.900380145988917
2018-07-19,7.560050832897043,4.832621722846442,44,89,672.8445241278368,3,0,7,19,29,0,0,1,0,0,0,79.0,78.0,69.0,66.57142857142857,66.5,12.067271755415439
2018-07-20,10.150966310429231,6.985115176151762,42,82,832.379237455197,4,0,7,20,29,0,0,0,1,0,0,89.0,69.0,67.0,68.14285714285714,67.92857142857143,14.311167800341218
2018-07-21,10.582234042553191,4.084728132387707,24,47,497.365,5,1,7,21,29,0,0,0,0,1,0,82.0,49.0,43.0,70.0,69.0,15.253414918196714
2018-07-22,10.294131578947368,3.3910964912280703,22,38,391.177,6,1,7,22,29,0,0,0,0,0,1,47.0,51.0,50.0,69.71428571428571,69.28571428571429,15.723806639554388
2018-07-23,9.4581625,6.012697916666666,44,80,756.653,0,0,7,23,30,0,0,0,0,0,0,38.0,72.0,79.0,67.85714285714286,68.42857142857143,18.774349269047647
2018-07-24,9.439280487804877,5.658458672086721,42,82,774.021,1,0,7,24,30,1,0,0,0,0,0,80.0,68.0,79.0,69.0,68.5,19.304576314093662
2018-07-25,8.146473684210525,5.716970029239766,44,76,619.132,2,0,7,25,30,0,1,0,0,0,0,82.0,79.0,78.0,71.0,68.71428571428571,19.899748742132385
2018-07-26,8.34497619047619,5.792311507936508,43,84,700.978,3,0,7,26,30,0,0,1,0,0,0,76.0,89.0,78.0,70.57142857142857,68.57142857142857,19.73032473847589
2018-07-27,9.287098765432098,6.632054183813444,43,81,752.255,4,0,7,27,30,0,0,0,1,0,0,84.0,82.0,69.0,69.85714285714286,69.0,19.03005142249638
2018-07-28,9.235612680555557,5.168935185185186,28,60,554.1367608333334,5,1,7,28,30,0,0,0,0,1,0,81.0,47.0,49.0,69.71428571428571,69.85714285714286,18.927178744812828
2018-07-29,11.769333333333334,4.0173950617283944,24,45,529.62,6,1,7,29,30,0,0,0,0,0,1,60.0,38.0,51.0,71.57142857142857,70.64285714285714,16.85088665181688
2018-07-30,9.652830084613932,5.7209208523592086,40,73,704.656596176817,0,0,7,30,31,0,0,0,0,0,0,45.0,80.0,72.0,72.57142857142857,70.21428571428571,14.581462465028904
2018-07-31,8.759905723251428,5.485689424364123,42,83,727.0721750298686,1,0,7,31,31,1,0,0,0,0,0,73.0,82.0,68.0,71.57142857142857,70.28571428571429,14.222718245318422
2018-08-01,8.9627,6.212381944444444,44,80,717.016,2,0,8,1,31,0,1,0,0,0,0,83.0,76.0,79.0,71.71428571428571,71.35714285714286,14.349381934590811
2018-08-02,8.58565,5.2963611111111115,45,80,686.852,3,0,8,2,31,0,0,1,0,0,0,80.0,84.0,89.0,72.28571428571429,71.42857142857143,14.625483304997518
2018-08-03,7.800967898148148,6.807533950617285,42,90,702.0871108333333,4,0,8,3,31,0,0,0,1,0,0,80.0,81.0,82.0,71.71428571428571,70.78571428571429,14.162324264449948
2018-08-04,8.796981818181818,4.317545454545455,32,55,483.834,5,1,8,4,31,0,0,0,0,1,0,90.0,60.0,47.0,73.0,71.35714285714286,15.491933384829638
2018-08-05,8.841949152542371,2.905823917137477,32,59,521.675,6,1,8,5,31,0,0,0,0,0,1,55.0,45.0,38.0,72.28571428571429,71.92857142857143,16.286131991301506
2018-08-06,9.277942528735633,5.078566411238825,42,87,807.181,0,0,8,6,32,0,0,0,0,0,0,59.0,73.0,80.0,74.28571428571429,73.42857142857143,12.880402241574636
2018-08-07,9.38675486917562,8.252277777777778,44,70,657.0728408422934,1,0,8,7,32,1,0,0,0,0,0,87.0,83.0,82.0,76.28571428571429,73.92857142857143,13.707835784862638
2018-08-08,8.213035714285715,5.90281746031746,44,84,689.895,2,0,8,8,32,0,1,0,0,0,0,70.0,80.0,76.0,74.42857142857143,73.07142857142857,13.525989093311436
2018-08-09,8.392626373626374,6.095067155067156,46,91,763.729,3,0,8,9,32,0,0,1,0,0,0,84.0,80.0,84.0,75.0,73.64285714285714,13.880441875771304
2018-08-10,8.320461909323116,5.6690038314176245,42,87,723.8801861111111,4,0,8,10,32,0,0,0,1,0,0,91.0,90.0,81.0,76.57142857142857,74.14285714285714,15.109126853849398
2018-08-11,9.699684210526314,3.6801827485380114,20,38,368.58799999999997,5,1,8,11,32,0,0,0,0,1,0,87.0,55.0,60.0,76.14285714285714,74.57142857142857,14.701797752072906
2018-08-12,8.5129,3.598173611111111,20,40,340.516,6,1,8,12,32,0,0,0,0,0,1,38.0,59.0,45.0,73.71428571428571,73.0,19.422618135516494
2018-08-13,8.403744444444444,5.3930339506172835,44,90,756.337,0,0,8,13,33,0,0,0,0,0,0,40.0,87.0,73.0,71.0,72.64285714285714,22.847319317591708
2018-08-14,8.4687,5.699407407407408,45,90,762.183,1,0,8,14,33,1,0,0,0,0,0,90.0,70.0,83.0,71.42857142857143,73.85714285714286,23.222526010012636
2018-08-15,7.836705882352941,5.741137254901961,45,85,666.12,2,0,8,15,33,0,1,0,0,0,0,90.0,84.0,80.0,74.28571428571429,74.35714285714286,24.226117351006966
2018-08-16,7.731602409638554,6.0392034805890225,46,83,641.723,3,0,8,16,33,0,0,1,0,0,0,85.0,91.0,80.0,74.42857142857143,74.71428571428571,24.29579622662557
2018-08-17,8.088742077160495,5.043648148148148,45,90,727.9867869444445,4,0,8,17,33,0,0,0,1,0,0,83.0,87.0,90.0,73.28571428571429,74.92857142857143,23.563490726929533
2018-08-18,9.070441176470588,3.986915849673203,29,68,616.79,5,1,8,18,33,0,0,0,0,1,0,90.0,38.0,55.0,73.71428571428571,74.92857142857143,23.879658608072564
2018-08-19,7.080084745762712,3.005856873822976,27,59,417.725,6,1,8,19,33,0,0,0,0,0,1,68.0,40.0,59.0,78.0,75.85714285714286,18.484227510682324
2018-08-20,9.552089887640449,5.648714107365793,46,89,850.136,0,0,8,20,34,0,0,0,0,0,0,59.0,90.0,87.0,80.71428571428571,75.85714285714286,12.351980754981238
2018-08-21,9.135864197530864,6.692654320987654,47,81,740.005,1,0,8,21,34,1,0,0,0,0,0,89.0,90.0,70.0,80.57142857142857,76.0,12.231886511043419
2018-08-22,8.829982483260464,5.461657509157509,44,91,803.5284059767023,2,0,8,22,34,0,1,0,0,0,0,81.0,85.0,84.0,79.28571428571429,76.78571428571429,11.528432760126606
2018-08-23,7.868012658227848,5.554767932489451,44,79,621.573,3,0,8,23,34,0,0,1,0,0,0,91.0,83.0,91.0,80.14285714285714,77.28571428571429,12.226045578034988
2018-08-24,7.7493707986239775,6.81721264367816,48,87,674.195259480286,4,0,8,24,34,0,0,0,1,0,0,79.0,90.0,87.0,79.57142857142857,76.42857142857143,12.163567772342924
2018-08-25,9.866034482758621,4.164813218390805,24,58,572.23,5,1,8,25,34,0,0,0,0,1,0,87.0,68.0,38.0,79.14285714285714,76.42857142857143,11.781745363464713
2018-08-26,7.658322033898306,3.1805649717514126,26,59,451.841,6,1,8,26,34,0,0,0,0,0,1,58.0,59.0,40.0,77.71428571428571,77.85714285714286,13.792682670100614
2018-08-27,8.72034065934066,6.146260683760684,48,91,793.551,0,0,8,27,35,0,0,0,0,0,0,59.0,89.0,90.0,77.71428571428571,79.21428571428571,13.792682670100614
2018-08-28,7.617275532484655,5.3181226053639845,46,87,662.702971326165,1,0,8,28,35,1,0,0,0,0,0,91.0,81.0,90.0,78.0,79.28571428571429,14.083086782851689
2018-08-29,8.06538947368421,5.386605263157895,46,95,766.212,2,0,8,29,35,0,1,0,0,0,0,87.0,91.0,85.0,78.85714285714286,79.07142857142857,14.473292316407798
2018-08-30,9.337577777777778,5.508987654320988,47,90,840.3820000000001,3,0,8,30,35,0,0,1,0,0,0,95.0,79.0,83.0,79.42857142857143,79.78571428571429,15.098091963966159
2018-08-31,8.037308510638297,5.646536643026005,48,94,755.507,4,0,8,31,35,0,0,0,1,0,0,90.0,87.0,90.0,81.0,80.28571428571429,15.609825965290746
2018-09-01,9.442499999999999,4.3867791005291,24,42,396.585,5,1,9,1,35,0,0,0,0,1,0,94.0,58.0,68.0,82.0,80.57142857142857,16.26857912254986
2018-09-02,9.069740000000001,3.673172222222222,24,50,453.487,6,1,9,2,35,0,0,0,0,0,1,42.0,59.0,59.0,79.71428571428571,78.71428571428571,20.718062053148063
2018-09-03,8.105705882352941,3.285261437908497,20,34,275.594,0,0,9,3,36,0,0,0,0,0,0,50.0,91.0,89.0,78.42857142857143,78.07142857142857,22.426599852683406
2018-09-04,9.336895348837208,5.842616279069768,48,86,802.973,1,0,9,4,36,1,0,0,0,0,0,34.0,87.0,81.0,70.28571428571429,74.14285714285714,26.985886964079835
2018-09-05,9.207868299001248,6.40688202247191,47,89,819.5002786111111,2,0,9,5,36,0,1,0,0,0,0,86.0,95.0,91.0,70.14285714285714,74.5,26.885117143310396
2018-09-06,8.568350515463917,5.128931844215349,45,97,831.13,3,0,9,6,36,0,0,1,0,0,0,89.0,90.0,79.0,69.28571428571429,74.35714285714286,26.043004727528924
2018-09-07,9.03571618384257,5.9044358533791526,49,97,876.4644698327294,4,0,9,7,36,0,0,0,1,0,0,97.0,94.0,87.0,70.28571428571429,75.64285714285714,27.084523783360623
2018-09-08,8.978914893617022,4.99371158392435,24,47,422.009,5,1,9,8,36,0,0,0,0,1,0,97.0,42.0,58.0,70.71428571428571,76.35714285714286,27.542175450959338
2018-09-09,8.076960784313727,2.974662309368192,23,51,411.925,6,1,9,9,36,0,0,0,0,0,1,47.0,50.0,59.0,71.42857142857143,75.57142857142857,26.726124191242413
2018-09-10,8.347912087912087,5.02026862026862,50,91,759.66,0,0,9,10,37,0,0,0,0,0,0,51.0,34.0,91.0,71.57142857142857,75.0,26.594843753737546
2018-09-11,8.628173519532707,5.436090146750525,50,106,914.5863930704669,1,0,9,11,37,1,0,0,0,0,0,91.0,86.0,87.0,79.71428571428571,75.0,21.39091930169031
2018-09-12,7.712365853658536,6.047936991869919,45,82,632.414,2,0,9,12,37,0,1,0,0,0,0,106.0,89.0,95.0,82.57142857142857,76.35714285714286,23.5927753267615
2018-09-13,8.67908695652174,5.745908816425121,47,92,798.476,3,0,9,13,37,0,0,1,0,0,0,82.0,97.0,90.0,81.57142857142857,75.42857142857143,23.42261829128089
2018-09-14,8.072541666666666,5.473466435185185,48,96,774.9639999999999,4,0,9,14,37,0,0,0,1,0,0,92.0,97.0,94.0,80.85714285714286,75.57142857142857,22.945068979547415
2018-09-15,8.921653846153847,3.606527777777778,22,52,463.926,5,1,9,15,37,0,0,0,0,1,0,96.0,47.0,42.0,80.71428571428571,75.71428571428571,22.830639396173158
2018-09-16,11.593607142857142,4.8238095238095235,27,56,649.242,6,1,9,16,37,0,0,0,0,0,1,52.0,51.0,50.0,81.42857142857143,76.42857142857143,21.647610667670605
2018-09-17,9.522055555555555,5.964373456790123,46,90,856.985,0,0,9,17,38,0,0,0,0,0,0,56.0,91.0,34.0,82.14285714285714,76.85714285714286,20.529885301096765
2018-09-18,8.63698901098901,5.772689255189255,48,91,785.966,1,0,9,18,38,1,0,0,0,0,0,90.0,106.0,86.0,82.0,80.85714285714286,20.461345670963706
2018-09-19,8.463217391304347,5.899359903381642,45,92,778.616,2,0,9,19,38,0,1,0,0,0,0,91.0,82.0,89.0,79.85714285714286,81.21428571428571,18.188169886206865
2018-09-20,8.469436170212765,5.49193853427896,48,94,796.127,3,0,9,20,38,0,0,1,0,0,0,92.0,92.0,97.0,81.28571428571429,81.42857142857143,18.76800722607741
2018-09-21,8.478248983851243,6.744770531400967,49,92,779.9989065143144,4,0,9,21,38,0,0,0,1,0,0,94.0,96.0,97.0,81.57142857142857,81.21428571428571,18.972411047423034
2018-09-22,8.315798589432296,3.991913082437276,30,62,515.5795125448024,5,1,9,22,38,0,0,0,0,1,0,92.0,52.0,47.0,81.0,80.85714285714286,18.520259177452097
2018-09-23,10.071708557175553,3.6215811965811966,26,52,523.7288449731287,6,1,9,23,38,0,0,0,0,0,1,62.0,56.0,51.0,82.42857142857143,81.92857142857143,16.143699935858766
2018-09-24,8.686863718089324,5.7734665532879825,51,98,851.3126443727538,0,0,9,24,39,0,0,0,0,0,0,52.0,90.0,91.0,81.85714285714286,82.0,17.26681375190153
2018-09-25,8.847171536451157,5.671543803418803,50,104,920.1058397909203,1,0,9,25,39,1,0,0,0,0,0,98.0,91.0,106.0,83.0,82.5,18.138357147217018
2018-09-26,9.879138281881938,5.979832735961768,48,93,918.7598602150201,2,0,9,26,39,0,1,0,0,0,0,104.0,92.0,82.0,84.85714285714286,82.35714285714286,19.692880028312835
2018-09-27,8.304251302502239,6.1125185185185185,49,90,747.3826172252016,3,0,9,27,39,0,0,1,0,0,0,93.0,94.0,92.0,85.0,83.14285714285714,19.75685535031656
2018-09-28,11.132484711712713,6.401131687242798,44,81,901.7312616487299,4,0,9,28,39,0,0,0,1,0,0,90.0,92.0,96.0,84.42857142857143,83.0,19.50946046458093
2018-09-29,9.104920717564733,4.790457818930041,26,54,491.6657187484956,5,1,9,29,39,0,0,0,0,1,0,81.0,62.0,52.0,82.85714285714286,81.92857142857143,19.239097097911216
2018-09-30,8.598792482023539,2.986944444444444,26,54,464.3347940292711,6,1,9,30,39,0,0,0,0,0,1,54.0,52.0,56.0,81.71428571428571,82.07142857142857,20.854370331054362
2018-10-01,10.65151876064881,6.124202898550726,50,92,979.9397259796906,0,0,10,1,40,0,0,0,0,0,0,54.0,98.0,90.0,82.0,81.92857142857143,20.387904911164
2018-10-02,9.569216990954121,5.987809523809524,49,105,1004.7677840501827,1,0,10,2,40,1,0,0,0,0,0,92.0,104.0,91.0,81.14285714285714,82.07142857142857,19.718253568952864
2018-10-03,8.113333866963236,5.844737484737484,48,91,738.3133818936545,2,0,10,3,40,0,1,0,0,0,0,105.0,93.0,92.0,81.28571428571429,83.07142857142857,19.914101249401817
2018-10-04,9.425075975881919,6.248406593406593,48,91,857.6819138052547,3,0,10,4,40,0,0,1,0,0,0,91.0,90.0,94.0,81.0,83.0,19.731531449264953
2018-10-05,8.788651641592677,5.9275913742690065,45,76,667.9375247610435,4,0,10,5,40,0,0,0,1,0,0,91.0,81.0,92.0,81.14285714285714,82.78571428571429,19.811011848873065
2018-10-06,9.684766065435198,4.408598290598291,25,65,629.5097942532879,5,1,10,6,40,0,0,0,0,1,0,76.0,54.0,62.0,80.42857142857143,81.64285714285714,19.906926289252006
2018-10-07,9.026511911528047,3.140907029478458,24,49,442.29908366487433,6,1,10,7,40,0,0,0,0,0,1,65.0,54.0,52.0,82.0,81.85714285714286,17.795130420052143
2018-10-08,9.534903322003718,6.516079182630907,49,87,829.5365890143235,0,0,10,8,41,0,0,0,0,0,0,49.0,92.0,98.0,81.28571428571429,81.64285714285714,19.154758205332698
2018-10-09,9.0086389453074,5.755496913580247,48,90,810.777505077666,1,0,10,9,41,1,0,0,0,0,0,87.0,105.0,104.0,80.57142857142857,80.85714285714286,18.778153466702896
2018-10-10,9.607246484144355,6.501121151271754,46,83,797.4014581839814,2,0,10,10,41,0,1,0,0,0,0,90.0,91.0,93.0,78.42857142857143,79.85714285714286,16.2055252188581
2018-10-11,8.546932362467071,6.288732439335887,46,87,743.5831155346352,3,0,10,11,41,0,0,1,0,0,0,83.0,91.0,90.0,77.28571428571429,79.14285714285714,15.434963402551151
2018-10-12,9.930673234155067,6.932158634538152,47,83,824.2458784348706,4,0,10,12,41,0,0,0,1,0,0,87.0,76.0,81.0,76.71428571428571,78.92857142857143,14.907652237629282
2018-10-13,8.687048482421996,4.100065011820331,24,47,408.2912786738338,5,1,10,13,41,0,0,0,0,1,0,83.0,65.0,54.0,77.71428571428571,79.07142857142857,15.085470777255404
2018-10-14,9.264319593787436,3.8173397435897436,29,52,481.7446188769466,6,1,10,14,41,0,0,0,0,0,1,47.0,49.0,54.0,75.14285714285714,78.57142857142857,18.712104562097103
2018-10-15,11.184526656231428,7.080745428973278,46,79,883.5776058422828,0,0,10,15,42,0,0,0,0,0,0,52.0,87.0,92.0,75.57142857142857,78.42857142857143,18.035678925000642
2018-10-16,9.567490033724853,5.686511954992968,42,79,755.8317126642635,1,0,10,16,42,1,0,0,0,0,0,79.0,90.0,105.0,74.42857142857143,77.5,17.434230150837717
2018-10-17,9.114119877358892,5.58828313253012,46,83,756.471949820788,2,0,10,17,42,0,1,0,0,0,0,79.0,83.0,91.0,72.85714285714286,75.64285714285714,16.252472339396704
2018-10-18,8.933849789998161,6.347421124828531,47,81,723.6418329898511,3,0,10,18,42,0,0,1,0,0,0,83.0,87.0,91.0,72.85714285714286,75.07142857142857,16.252472339396704
2018-10-19,11.066083565164877,7.572630315500685,46,81,896.3527687783551,4,0,10,19,42,0,0,0,1,0,0,81.0,83.0,76.0,72.0,74.35714285714286,15.524174696259953
2018-10-20,10.02567266459998,4.630112612612613,20,37,370.9498885901993,5,1,10,20,42,0,0,0,0,1,0,81.0,47.0,65.0,71.71428571428571,74.71428571428571,15.304838948453297
2018-10-21,10.106300956921462,3.522898322851153,27,53,535.6339507168375,6,1,10,21,42,0,0,0,0,0,1,37.0,52.0,49.0,70.28571428571429,72.71428571428571,18.190787830788405
2018-10-22,11.017939507545842,6.184626436781609,50,87,958.5607371564882,0,0,10,22,43,0,0,0,0,0,0,53.0,79.0,87.0,70.42857142857143,73.0,18.02643561418559
2018-10-23,8.520674721114576,5.769921972534331,49,89,758.3400501791973,1,0,10,23,43,1,0,0,0,0,0,87.0,79.0,90.0,71.57142857142857,73.0,18.89318345203843
2018-10-24,8.940216589397735,6.073167270531401,48,92,822.4999262245917,2,0,10,24,43,0,1,0,0,0,0,89.0,83.0,83.0,73.0,72.92857142857143,19.899748742132346
2018-10-25,8.843848179602228,5.950781893004115,48,81,716.3517025477804,3,0,10,25,43,0,0,1,0,0,0,92.0,81.0,87.0,74.28571428571429,73.57142857142857,20.918208063106803
2018-10-26,10.180558322501794,7.305503663003663,49,91,926.4308073476632,4,0,10,26,43,0,0,0,1,0,0,81.0,81.0,83.0,74.28571428571429,73.14285714285714,20.918208063106803
2018-10-27,8.942283646063563,4.338191489361702,27,47,420.28733136498744,5,1,10,27,43,0,0,0,0,1,0,91.0,37.0,47.0,75.71428571428571,73.71428571428571,21.77700840882634
2018-10-28,8.840488065984252,3.306139359698682,26,59,521.5887958930708,6,1,10,28,43,0,0,0,0,0,1,47.0,53.0,52.0,77.14285714285714,73.71428571428571,18.95985734324466
2018-10-29,9.715729287907346,5.958999402628434,50,93,903.5628237753831,0,0,10,29,44,0,0,0,0,0,0,59.0,87.0,79.0,78.0,74.21428571428571,17.785762095938747
2018-10-30,9.069819782954927,5.926533950617284,47,90,816.2837804659434,1,0,10,30,44,1,0,0,0,0,0,93.0,89.0,79.0,78.85714285714286,75.21428571428571,18.424879659747813
2018-10-31,5.4177261361707325,5.080044444444445,47,100,541.7726136170733,2,0,10,31,44,0,1,0,0,0,0,90.0,92.0,83.0,79.0,76.0,18.520259177452086
2018-11-01,6.75540652256208,5.740803418803419,42,65,439.10142396653515,3,0,11,1,44,0,0,1,0,0,0,100.0,81.0,81.0,80.14285714285714,77.21428571428571,19.667473752607936
2018-11-02,8.967207211797366,7.302467320261438,39,51,457.3275678016656,4,0,11,2,44,0,0,0,1,0,0,65.0,91.0,81.0,77.85714285714286,76.07142857142857,20.46483627614748
2018-11-03,4.505560204664575,3.19915458937198,17,23,103.62788470728522,5,1,11,3,44,0,0,0,0,1,0,51.0,47.0,37.0,72.14285714285714,73.92857142857143,21.72884850015884
2018-11-04,6.880773579289339,6.358696581196582,21,26,178.9001130615228,6,1,11,4,44,0,0,0,0,0,1,23.0,59.0,53.0,68.71428571428571,72.92857142857143,27.487659568821538
2018-11-05,8.995183609509343,6.094609500805153,42,69,620.6676690561446,0,0,11,5,45,0,0,0,0,0,0,26.0,93.0,87.0,64.0,71.0,31.906112267087597
2018-11-06,7.945608164077928,7.006157407407408,42,60,476.7364898446757,1,0,11,6,45,1,0,0,0,0,0,69.0,90.0,89.0,60.57142857142857,69.71428571428571,29.466688213739115
2018-11-07,9.396434782608695,7.122536231884058,36,46,432.236,2,0,11,7,45,0,1,0,0,0,0,60.0,100.0,92.0,56.285714285714285,67.64285714285714,26.506063996214635
2018-11-08,9.331706896551724,6.907294061302681,39,58,541.239,3,0,11,8,45,0,0,1,0,0,0,46.0,65.0,81.0,48.57142857142857,64.35714285714286,18.228705776486475
2018-11-09,9.079425925925925,6.469341563786008,37,54,490.289,4,0,11,9,45,0,0,0,1,0,0,58.0,51.0,91.0,47.57142857142857,62.714285714285715,17.34797916047797
2018-11-10,9.653161290322581,4.214722222222223,21,31,299.248,5,1,11,10,45,0,0,0,0,1,0,54.0,23.0,47.0,48.0,60.07142857142857,17.483325389257722
2018-11-11,8.699375,4.173732638888889,11,16,139.19,6,1,11,11,45,0,0,0,0,0,1,31.0,26.0,59.0,49.142857142857146,58.92857142857143,15.75255081384771
2018-11-12,8.808962962962964,6.885920781893004,38,54,475.684,0,0,11,12,46,0,0,0,0,0,0,16.0,69.0,93.0,47.714285714285715,55.857142857142854,18.427463975583443
2018-11-13,9.551947368421052,6.14787037037037,36,57,544.461,1,0,11,13,46,1,0,0,0,0,0,54.0,60.0,90.0,45.57142857142857,53.07142857142857,16.287593876497265
2018-11-14,8.387962264150943,6.134863731656185,38,53,444.562,2,0,11,14,46,0,1,0,0,0,0,57.0,46.0,100.0,45.142857142857146,50.714285714285715,15.879006805932606
2018-11-15,9.963387096774193,6.822320788530466,42,62,617.73,3,0,11,15,46,0,0,1,0,0,0,53.0,58.0,65.0,46.142857142857146,47.357142857142854,16.159915134147646
2018-11-16,7.956456140350877,6.934965886939571,37,57,453.518,4,0,11,16,46,0,0,0,1,0,0,62.0,54.0,51.0,46.714285714285715,47.142857142857146,16.710418763097834
2018-11-17,14.8226875,6.779045138888888,12,16,237.163,5,1,11,17,46,0,0,0,0,1,0,57.0,31.0,23.0,47.142857142857146,47.57142857142857,16.964949861686026
2018-11-18,8.277787878787878,4.705042087542087,22,33,273.167,6,1,11,18,46,0,0,0,0,0,1,16.0,16.0,26.0,45.0,47.07142857142857,20.01665972800316
2018-11-19,9.531627118644067,6.670371939736347,42,59,562.366,0,0,11,19,47,0,0,0,0,0,0,33.0,54.0,69.0,47.42857142857143,47.57142857142857,16.661904081438127
2018-11-20,9.430981132075472,6.216168763102726,41,53,499.842,1,0,11,20,47,1,0,0,0,0,0,59.0,57.0,60.0,48.142857142857146,46.857142857142854,17.092187020473826
2018-11-21,10.254309523809523,5.570707671957672,30,42,430.681,2,0,11,21,47,0,1,0,0,0,0,53.0,53.0,46.0,47.57142857142857,46.357142857142854,16.811277394030604
2018-11-22,9.581777777777777,4.126913580246914,7,9,86.23599999999999,3,0,11,22,47,0,0,1,0,0,0,42.0,62.0,58.0,46.0,46.07142857142857,16.73320053068142
2018-11-23,12.309571428571429,13.399880952380952,7,7,86.167,4,0,11,23,47,0,0,0,1,0,0,9.0,57.0,54.0,38.42857142857143,42.57142857142857,19.96544634159338
2018-11-24,11.9399,4.077097222222222,13,20,238.798,5,1,11,24,47,0,0,0,0,1,0,7.0,16.0,31.0,31.285714285714285,39.214285714285715,21.124348397952826
2018-11-25,6.2487,2.22225,13,20,124.974,6,1,11,25,47,0,0,0,0,0,1,20.0,33.0,16.0,31.857142857142858,38.42857142857143,20.69161320783989
2018-11-26,9.111526315789472,6.633942495126706,41,57,519.357,0,0,11,26,48,0,0,0,0,0,0,20.0,59.0,54.0,30.0,38.714285714285715,21.150256105620336
2018-11-27,9.146167061965812,7.432767094017094,40,52,475.60068722222223,1,0,11,27,48,1,0,0,0,0,0,57.0,53.0,57.0,29.714285714285715,38.92857142857143,20.701966780270553
2018-11-28,8.944666666666667,8.411565656565656,33,33,295.174,2,0,11,28,48,0,1,0,0,0,0,52.0,42.0,53.0,29.571428571428573,38.57142857142857,20.517124090680394
2019-01-25,17.389000000000003,5.2091666666666665,6,7,121.72300000000001,4,0,1,25,4,0,0,0,1,0,0,33.0,9.0,62.0,28.285714285714285,37.142857142857146,19.88059594776002
2019-01-26,14.7801,6.5038888888888895,13,20,295.602,5,1,1,26,4,0,0,0,0,1,0,7.0,7.0,57.0,28.0,33.214285714285715,20.215505600074998
2019-01-27,12.716888888888889,3.180925925925926,9,9,114.452,6,1,1,27,4,0,0,0,0,0,1,20.0,20.0,16.0,29.857142857142858,30.571428571428573,18.488091405267358
2019-01-28,11.447911764705882,6.368259803921568,30,34,389.229,0,0,1,28,5,0,0,0,0,0,0,9.0,20.0,33.0,28.285714285714285,30.071428571428573,19.88059594776002
2019-01-29,8.860833333333334,7.328657407407408,30,30,265.825,1,0,1,29,5,1,0,0,0,0,0,34.0,57.0,59.0,30.285714285714285,30.142857142857142,19.610492818168172
