hour,sessions,total_kwh,median_kwh,median_hours,share_of_arrivals,share_of_energy,weekday_arrivals_per_day,weekend_arrivals_per_day
0,92,906.9518008362993,6.2059999999999995,4.246944444444445,0.006443028223264934,0.007076079024308282,0.34615384615384615,0.6129032258064516
1,58,632.0750477897143,6.360518817203481,3.475416666666667,0.004061909097275719,0.004931478148374875,0.21794871794871795,0.3870967741935484
2,23,338.2597353643949,8.345,3.2605555555555554,0.0016107570558162336,0.0026391177744759676,0.09615384615384616,0.12903225806451613
3,23,163.23864097968854,6.162,2.9227777777777777,0.0016107570558162336,0.001273595269702158,0.08974358974358974,0.14516129032258066
4,136,1451.6709227628426,11.8195,8.40236111111111,0.00952447650395686,0.011326002282909049,0.8012820512820513,0.1774193548387097
5,81,828.3042788888889,5.388,1.756388888888889,0.005672666153091953,0.006462467496272577,0.46153846153846156,0.14516129032258066
6,436,4066.3732453494604,8.5815,8.627500000000001,0.030534351145038167,0.03172602821880199,2.621794871794872,0.43548387096774194
7,1115,11048.876532580609,9.411,8.844444444444445,0.0780867007493522,0.08620383509054556,6.371794871794871,1.9516129032258065
8,2660,24024.944689300868,7.0325,8.359861111111112,0.18628755515092094,0.18744370651160236,16.28846153846154,1.9193548387096775
9,1799,15737.978868163027,7.629,7.647222222222222,0.12598921493101758,0.12278842387360334,10.282051282051283,3.1451612903225805
10,855,8113.368470194126,8.988,6.463888888888889,0.05987814272708173,0.06330086824403056,4.198717948717949,3.225806451612903
11,504,4307.313720934885,7.3,4.490277777777778,0.035296589397016596,0.033605856721071664,2.019230769230769,3.0483870967741935
12,672,5361.598387329725,6.827500000000001,4.245,0.04706211919602213,0.041831433434902913,3.1025641025641026,3.032258064516129
13,652,4833.895435558542,6.212,3.624722222222222,0.04566146088661671,0.037714271106485404,2.9423076923076925,3.1129032258064515
14,466,3545.5745896057165,6.2965,2.720833333333333,0.032635338609146296,0.027662733520673458,1.891025641025641,2.7580645161290325
15,508,3989.0269702090745,6.261,2.151111111111111,0.035576721058897684,0.03112256907728577,2.16025641025641,2.7580645161290325
16,630,5148.368684566932,6.37,1.9873611111111111,0.04412073674627075,0.04016780563716548,2.7051282051282053,3.3548387096774195
17,745,7157.906191714444,9.25,2.3744444444444444,0.052174522025351916,0.055846308276198055,3.717948717948718,2.661290322580645
18,851,7834.127260600353,8.263,1.9869444444444444,0.05959801106520064,0.06112221568045777,4.544871794871795,2.2903225806451615
19,694,6591.913603942646,7.9415,2.2263888888888888,0.04860284333636809,0.05143040847363636,3.7371794871794872,1.7903225806451613
20,542,5122.5972217592625,7.5329999999999995,2.40875,0.0379578401848869,0.03996673551719777,2.7948717948717947,1.7096774193548387
21,358,3341.149188366205,6.6165,2.4155555555555557,0.02507178373835703,0.02606779728215134,1.75,1.3709677419354838
22,251,2411.387500896064,6.925,2.4341666666666666,0.017578261783038028,0.018813754489307895,1.1987179487179487,1.032258064516129
23,128,1214.6185389635557,6.4605,4.005277777777778,0.008964213180194691,0.009476508848839365,0.5512820512820513,0.6774193548387096
