hour,weekday_mean_plugged_in,weekend_mean_plugged_in,weekday_max_plugged_in,weekend_max_plugged_in
0,5.859872611464968,7.060483870967742,12,14
1,5.821656050955414,7.008064516129032,13,13
2,5.735668789808917,7.012096774193548,13,13
3,5.535031847133758,6.943548387096774,13,13
4,5.574367088607595,6.967741935483871,13,13
5,6.063291139240507,6.911290322580645,13,13
6,6.3085443037974684,6.866935483870968,13,13
7,9.950949367088608,7.629032258064516,23,17
8,20.620253164556964,8.89516129032258,45,19
9,33.14968152866242,9.504032258064516,49,18
10,38.089171974522294,10.298387096774194,50,19
11,38.468152866242036,10.931451612903226,50,22
12,38.22929936305732,11.213709677419354,50,23
13,38.410828025477706,11.814516129032258,50,23
14,38.12579617834395,12.036290322580646,51,21
15,36.552547770700635,11.939516129032258,49,20
16,31.94904458598726,11.955645161290322,47,20
17,23.947452229299362,10.96774193548387,44,21
18,16.44904458598726,10.133064516129032,43,19
19,13.595541401273886,9.544354838709678,43,19
20,11.689490445859873,8.508064516129032,23,20
21,9.506369426751592,7.879032258064516,23,16
22,7.562101910828026,6.967741935483871,19,15
23,6.558917197452229,6.366935483870968,12,14
