stationID,sessions,total_kwh,median_kwh,median_hours,first_session,last_session,observed_days,sessions_per_observed_day
2-39-139-28,654,5562.6886536111115,6.785,2.2977777777777777,2018-04-25,2018-11-28,218,3.0
2-39-131-30,534,4880.8225575,7.9384999999999994,2.87125,2018-04-26,2018-11-28,217,2.4608294930875574
2-39-129-17,508,4445.584634444444,6.996499999999999,2.727777777777778,2018-04-30,2018-11-28,213,2.384976525821596
2-39-127-19,499,4183.034416111111,6.719,2.725555555555556,2018-04-25,2018-11-27,217,2.2995391705069124
2-39-138-29,479,4078.2610577777778,6.33,2.4563888888888887,2018-04-25,2018-11-26,216,2.2175925925925926
2-39-125-21,476,3748.353092777778,6.608499999999999,2.434444444444445,2018-04-25,2018-11-28,218,2.18348623853211
2-39-89-25,446,3887.7013333333334,6.181,3.3725,2018-04-25,2018-11-28,218,2.0458715596330275
2-39-123-23,429,3438.425239722222,6.511,3.1219444444444444,2018-04-25,2018-11-28,218,1.9678899082568808
2-39-130-31,422,3473.3656522222223,6.766,2.1934722222222227,2018-04-26,2018-11-28,217,1.944700460829493
2-39-79-380,390,3354.2684261111112,7.502000000000001,4.809722222222222,2018-04-25,2018-11-28,218,1.7889908256880733
2-39-128-18,378,2961.333347777778,6.5895,2.3906944444444447,2018-04-25,2018-11-27,217,1.7419354838709677
2-39-79-379,364,3670.504,8.186499999999999,8.680416666666666,2018-04-25,2018-11-28,218,1.6697247706422018
2-39-78-365,362,3351.320478195902,7.79668175029809,5.29375,2018-04-25,2018-11-28,218,1.6605504587155964
2-39-79-377,354,3737.1743477777777,8.7285,5.470000000000001,2018-04-25,2018-11-28,218,1.6238532110091743
2-39-91-437,353,4074.6261238888887,11.105,6.0216666666666665,2018-04-25,2018-11-28,218,1.6192660550458715
2-39-78-366,343,3191.81211170848,7.455056750297655,5.954166666666667,2018-04-25,2018-11-28,218,1.573394495412844
2-39-126-20,337,2792.504,6.654,2.7597222222222224,2018-04-26,2018-11-24,213,1.5821596244131455
2-39-124-22,330,2882.3714525,7.2885,3.653194444444445,2018-04-25,2018-11-28,218,1.5137614678899083
2-39-88-24,324,3126.5892586111113,7.941,3.795138888888889,2018-04-25,2018-11-28,218,1.4862385321100917
2-39-95-27,321,3627.5977280555558,10.472,7.893611111111111,2018-04-25,2018-11-27,217,1.4792626728110598
2-39-79-378,309,2835.891435,7.022,7.736666666666666,2018-04-25,2018-11-28,218,1.4174311926605505
2-39-79-383,305,3064.380057777778,10.46,7.645833333333333,2018-04-25,2018-11-28,218,1.3990825688073394
2-39-79-381,303,3347.2102325,8.995,6.28,2018-04-25,2018-11-28,218,1.389908256880734
2-39-78-363,299,2612.560664874486,7.099,4.9366666666666665,2018-04-25,2018-11-28,218,1.371559633027523
2-39-78-360,276,2471.4866051374142,7.0955,5.459444444444444,2018-04-25,2018-11-28,218,1.2660550458715596
2-39-79-376,266,2521.429905833333,8.414,6.884861111111111,2018-04-25,2018-11-28,218,1.2201834862385321
2-39-90-26,262,2516.4051483333333,7.6415,6.090277777777779,2018-04-25,2018-11-28,218,1.201834862385321
2-39-78-367,252,1983.476086917531,6.6036796594973906,6.523888888888889,2018-04-25,2018-11-28,218,1.1559633027522935
2-39-92-436,248,2302.7200352777777,7.4885,5.810833333333333,2018-04-27,2018-11-28,216,1.1481481481481481
2-39-78-361,237,1800.9638357227952,6.187,6.530277777777778,2018-04-25,2018-11-28,218,1.0871559633027523
2-39-79-382,234,2111.6407275,7.3445,7.454305555555555,2018-04-25,2018-11-23,213,1.0985915492957747
2-39-91-441,231,2472.822,11.107,6.183611111111111,2018-04-25,2018-11-28,218,1.0596330275229358
2-39-78-362,226,1771.2398402028844,5.6735,7.329305555555555,2018-04-25,2018-11-28,218,1.036697247706422
2-39-92-442,223,2075.9477869444445,8.017,6.530555555555556,2018-04-25,2018-11-27,217,1.0276497695852536
2-39-78-364,221,1718.012896953386,6.269,6.923055555555556,2018-04-25,2018-11-28,218,1.0137614678899083
2-39-90-440,202,1737.269,7.372,6.333194444444445,2018-04-25,2018-11-28,218,0.926605504587156
2-39-88-438,193,1690.043,7.602,6.815555555555555,2018-04-25,2018-11-28,218,0.8853211009174312
2-39-95-444,191,1892.7050127777777,9.11,7.739444444444445,2018-04-25,2018-11-28,218,0.8761467889908257
2-39-89-439,189,1921.9247572222223,9.216,7.432777777777778,2018-04-25,2018-11-28,218,0.8669724770642202
2-39-123-557,188,1719.5930330555555,9.368,6.7380555555555555,2018-04-25,2018-11-27,217,0.8663594470046083
2-39-138-566,150,1311.2346625,10.229,5.3405555555555555,2018-04-29,2018-11-28,214,0.7009345794392523
2-39-130-564,122,1002.7999755555555,7.994999999999999,6.499583333333334,2018-04-30,2018-11-27,212,0.5754716981132075
2-39-128-562,100,762.172,6.019,7.499861111111111,2018-05-04,2018-11-27,208,0.4807692307692308
2-39-139-567,92,877.215,9.256,5.991944444444444,2018-05-01,2018-11-27,211,0.43601895734597157
2-39-131-565,91,806.5560047222223,8.3,6.8838888888888885,2018-05-03,2018-11-27,209,0.4354066985645933
2-39-83-386,90,755.6300266666667,8.2365,4.604583333333333,2018-05-04,2018-11-26,207,0.43478260869565216
2-39-126-560,87,649.9907994444444,6.535,5.802777777777778,2018-05-09,2018-11-27,203,0.42857142857142855
2-39-127-561,84,728.309,7.093,6.872083333333333,2018-05-01,2018-11-15,199,0.4221105527638191
2-39-124-558,84,607.603,6.0825,5.952222222222222,2018-05-03,2018-11-26,208,0.40384615384615385
2-39-129-563,81,658.639,7.658,6.973611111111111,2018-05-03,2018-11-06,188,0.4308510638297872
2-39-125-559,66,524.3190836111111,7.8759999999999994,5.835833333333333,2018-04-25,2018-11-12,202,0.32673267326732675
2-39-83-387,62,387.878,4.563000000000001,2.2869444444444444,2018-06-03,2018-11-22,173,0.3583815028901734
2-39-82-384,8,44.47,5.3915,1.933611111111111,2018-07-18,2018-11-27,133,0.06015037593984962
2-39-82-385,4,18.643,3.543,2.5815277777777776,2018-09-03,2018-10-18,46,0.08695652173913043
