,sessions,baseline,pct_vs_baseline,robust_z,weekday,us_federal_holiday,after_paid_start
2018-11-23,7,54.0,-87.03703703703704,-14.528371679760568,Fri,False,True
2018-11-22,9,58.0,-84.48275862068965,-14.102007140369208,Thu,True,True
2018-05-28,20,66.0,-69.6969696969697,-11.63393786348332,Mon,True,False
2018-07-04,24,72.0,-66.66666666666666,-11.128114478114478,Wed,True,False
2018-09-03,34,90.0,-62.22222222222222,-10.386240179573512,Mon,True,False
2018-11-18,33,23.0,43.47826086956522,7.257465963987702,Sun,False,True
2018-11-11,16,26.0,-38.46153846153847,-6.420066045066045,Sun,False,True
2018-11-10,31,23.0,34.78260869565217,5.805972771190162,Sat,False,True
2018-08-11,38,58.0,-34.48275862068966,-5.755921281783351,Sat,False,False
2018-08-12,40,59.0,-32.20338983050847,-5.375445129258688,Sun,False,False
2018-08-05,59,45.0,31.11111111111111,5.193120089786756,Sun,False,False
2018-05-20,34,26.0,30.76923076923077,5.136052836052836,Sun,False,False
2018-10-27,47,37.0,27.027027027027028,4.511397761397761,Sat,False,False
2018-06-03,38,30.0,26.666666666666668,4.451245791245792,Sun,False,False
2018-11-03,23,31.0,-25.806451612903224,-4.307657217334637,Sat,False,True
2018-11-17,16,21.5,-25.581395348837212,-4.270090439276486,Sat,False,True
2018-05-27,21,28.0,-25.0,-4.173042929292929,Sun,False,False
2018-04-26,47,62.0,-24.193548387096776,-4.038428641251222,Thu,False,False
2018-07-22,38,50.0,-24.0,-4.006121212121212,Sun,False,False
2018-08-18,68,55.0,23.636363636363637,3.9454224058769514,Sat,False,False
2018-08-25,58,47.0,23.404255319148938,3.906678486997636,Sat,False,False
2018-07-28,60,49.0,22.448979591836736,3.7472222222222227,Sat,False,False
2018-11-28,33,42.0,-21.428571428571427,-3.576893939393939,Wed,False,True
2018-10-20,37,47.0,-21.27659574468085,-3.551525897270578,Sat,False,False
2018-11-04,26,33.0,-21.21212121212121,-3.5407636975818795,Sun,False,True
