,sessions
0–1,590
1–2,955
2–3,1084
3–4,905
4–5,1035
5–6,998
6–7,1197
7–8,726
8–9,615
9–10,559
10–11,597
11–12,640
12–13,598
13–14,2037
14–15,357
15–16,206
16–17,243
17–18,96
18–19,92
19–20,94
20–21,62
21–22,63
22–23,41
23–24,39
24–25,36
25–26,29
26–27,25
27–28,27
28–29,26
29–30,25
30–31,29
31–32,20
32–33,15
33–34,22
34–35,11
35–36,12
36–37,15
37–38,15
38–39,7
39–40,30
40–41,9
41–42,28
42–43,8
43–44,8
44–45,7
45–46,5
46–47,5
47–48,7
48–49,3
49–50,6
50–51,4
51–52,1
52–53,1
53–54,0
54–55,2
55–56,2
56–57,3
57–58,1
58–59,1
59–60,0
60–61,0
61–62,2
62–63,1
63–64,0
64–65,0
65–66,0
66–67,0
67–68,0
68–69,1
69–70,1
