,weekday_sessions_per_day,spike_share,share_with_userID,policy_change_this_week
2018-08-12,89.0,0.23340040241448692,0.02012072434607646,False
2018-08-19,87.6,0.21061946902654868,0.023008849557522124,False
2018-08-26,85.4,0.2426470588235294,0.034926470588235295,False
2018-09-02,91.4,0.20218579234972678,0.020036429872495445,True
2018-09-09,80.6,0.2654690618762475,0.0499001996007984,False
2018-09-16,93.4,0.20173913043478262,0.08,False
2018-09-23,91.8,0.23211169284467714,0.06108202443280977,False
2018-09-30,93.2,0.15156794425087108,0.13414634146341464,False
2018-10-07,91.0,0.17223198594024605,0.15289982425307558,False
2018-10-14,86.0,0.18714555765595464,0.19659735349716445,False
2018-10-21,80.6,0.18052738336713997,0.2231237322515213,False
2018-10-28,88.0,0.1813186813186813,0.1813186813186813,False
2018-11-04,79.8,0.06473214285714286,0.31919642857142855,True
2018-11-11,57.4,0.03592814371257485,0.7724550898203593,False
2018-11-18,56.6,0.03614457831325301,0.7921686746987951,False
2018-11-25,34.0,0.03333333333333333,0.8333333333333334,False
2018-12-02,47.333333333333336,0.07042253521126761,0.8802816901408451,False
