,weekday_sessions_per_day,spike_share
2018-08-12,89.0,0.23340040241448692
2018-08-19,87.6,0.21061946902654868
2018-08-26,85.4,0.2426470588235294
2018-09-02,91.4,0.20218579234972678
2018-09-09,80.6,0.2654690618762475
2018-09-16,93.4,0.20173913043478262
2018-09-23,91.8,0.23211169284467714
2018-09-30,93.2,0.15156794425087108
2018-10-07,91.0,0.17223198594024605
2018-10-14,86.0,0.18714555765595464
2018-10-21,80.6,0.18052738336713997
2018-10-28,88.0,0.1813186813186813
2018-11-04,79.8,0.06473214285714286
2018-11-11,57.4,0.03592814371257485
2018-11-18,56.6,0.03614457831325301
2018-11-25,34.0,0.03333333333333333
2018-12-02,47.333333333333336,0.07042253521126761
